hgx11	2,3	1202	abdelrahman-qwen-sft-jsonfull-250-out16k-FC-keepreason	json	jsonfull-250	abdelrahman-qwen-olive-json-full-32k-gb192-1ep-24gpu/Qwen3-4B-Base-sft-250	-
hgx11	4,5	1203	abdelrahman-qwen-sft-curriculum-469-ropefix-out16k-FC-keepreason	json	curriculum-469	curriculum-oldcfg/Qwen3-4B-Base-sft-469	-
hgx03	0,1	1201	abdelrahman-qwen-sft-lengthbias-375-out16k-FC-keepreason	json	lengthbias-375	abdelrahman-qwen-olive-lengthbias-32k-bs8-3ep-32gpu/Qwen3-4B-Base-sft-375	-
hgx03	2,3	1202	abdelrahman-qwen-sft-lengthbias-750-out16k-FC-keepreason	json	lengthbias-750	abdelrahman-qwen-olive-lengthbias-32k-bs8-3ep-32gpu/Qwen3-4B-Base-sft-750	-
hgx03	4,5	1203	abdelrahman-qwen-sft-lengthbias-1020-out16k-FC-keepreason	json	lengthbias-1020	abdelrahman-qwen-olive-lengthbias-32k-bs8-3ep-32gpu/Qwen3-4B-Base-sft-1020	-
hgx19	0,1	1201	abdelrahman-qwen-sft-regenxml-125-out16k-XML	xml	regenxml-125	abdelrahman-qwen-olive-regen-xml-8src-32k-bs8-1ep-24gpu/Qwen3-4B-Base-sft-125	-
hgx19	2,3	1202	abdelrahman-qwen-sft-regenxml-261-out16k-XML	xml	regenxml-261	abdelrahman-qwen-olive-regen-xml-8src-32k-bs8-1ep-24gpu/Qwen3-4B-Base-sft-261	-
hgx19	4,5	1203	abdelrahman-qwen-sft-remixregen-250-out16k-FC-keepreason	json	remixregen-250	abdelrahman-qwen-olive-remix-regen-32k-gb132-1ep-22gpu/Qwen3-4B-Base-sft-250	-
hgx10	0,1	1201	abdelrahman-qwen-sft-remixregen-455-out16k-FC-keepreason	json	remixregen-455	abdelrahman-qwen-olive-remix-regen-32k-gb132-1ep-22gpu/Qwen3-4B-Base-sft-455	-
hgx10	2,3	1202	abdelrahman-qwen-sft-remixregenxml-250-out16k-XML	xml	remixregenxml-250	abdelrahman-qwen-olive-remix-regen-xml-32k-gb138-1ep-23gpu/Qwen3-4B-Base-sft-250	-
hgx10	4,5	1203	abdelrahman-qwen-sft-remixregenxml-442-out16k-XML	xml	remixregenxml-442	abdelrahman-qwen-olive-remix-regen-xml-32k-gb138-1ep-23gpu/Qwen3-4B-Base-sft-442	-
hgx16	0,1	1201	abdelrahman-qwen-sft-olivexml-125-out16k-XML	xml	olivexml-125	abdelrahman-qwen-olive-xml-8src-32k-bs8-1ep-24gpu/Qwen3-4B-Base-sft-125	-
hgx16	2,3	1202	abdelrahman-qwen-sft-olivexml-262-out16k-XML	xml	olivexml-262	abdelrahman-qwen-olive-xml-8src-32k-bs8-1ep-24gpu/Qwen3-4B-Base-sft-262	-
hgx16	4,5	1203	abdelrahman-qwen-sft-xmlfull-250-out16k-XML	xml	xmlfull-250	abdelrahman-qwen-olive-xml-full-32k-bs3x4-1ep-15gpu/Qwen3-4B-Base-sft-250	-
hgx09	0,1	1201	abdelrahman-qwen-sft-xmlfull-482-out16k-XML	xml	xmlfull-482	abdelrahman-qwen-olive-xml-full-32k-bs3x4-1ep-15gpu/Qwen3-4B-Base-sft-482	-
hgx09	2,3	1202	olive32b-olive-tooling-1431-out16k-FC-keepreason	json	olive32b-1431	olive-32b-olive-tooling-32k-bs3-3ep-30gpu/checkpoint-1431	32b
hgx09	4,5	1203	olive32b-olive-tooling-2385-out16k-FC-keepreason	json	olive32b-2385	olive-32b-olive-tooling-32k-bs3-3ep-30gpu/checkpoint-2385	32b
