Model	Corpus	Epoch	Ckpt	Variant	Overall	NonLive AST	Live	MultiTurn	MT Base	MT MissFunc	MT MissParam	MT LongCtx	Memory	Mem KV	Mem Vector	Mem RecSum	Relevance	Irrelevance	Simple	Multiple	Parallel	ParallelMult	Latency Mean s
Qwen3-4B Instruct (reference) (FC)	instruct			FC	38.51	87.23	81.79	31.75					20.86				81.25	79.07	73.42	96.50	91.50	87.50	
GRPO olive-rl300k on olive SFT ckpt-1074 (step 150 / T=0.001 / out 16k / ctx 41k) (FC keepreason)	rl-olive-rl300k		step-150	FC keepreason	38.00	62.29	75.65	38.88	49.50	45.00	31.50	29.50	20.43	10.32	16.77	34.19	75.00	84.62	69.67	81.50	58.00	40.00	
GRPO olive-rl300k on olive SFT ckpt-1074 (step 250 / T=0.001 / out 16k / ctx 41k) (FC keepreason)	rl-olive-rl300k		step-250	FC keepreason	37.94	61.83	76.76	37.50	47.50	38.50	35.00	29.00	20.86	10.32	12.90	39.35	87.50	86.61	64.83	78.00	71.00	33.50	
GRPO olive-rl300k on olive SFT ckpt-1074 (step 200 / T=0.001 / out 16k / ctx 41k) (FC keepreason)	rl-olive-rl300k		step-200	FC keepreason	37.22	57.25	74.17	38.63	48.00	42.50	32.00	32.00	20.22	10.32	12.26	38.06	87.50	84.51	69.50	80.00	48.00	31.50	
abdelrahman-qwen SFT olive-32k (ckpt-1074 / epoch 3 / T=0.001 / out 16k / ctx 41k) (FC keepreason)	olive-32k	3	1074	FC keepreason	37.01	58.73	76.83	34.25	40.00	33.50	35.50	28.00	23.01	9.68	18.06	41.29	87.50	85.74	67.92	78.00	54.50	34.50	
abdelrahman-qwen SFT olive-32k (ckpt-875 / epoch 2.44 / T=0.001 / out 16k / ctx 41k) (FC keepreason)	olive-32k	2.44	875	FC keepreason	36.83	53.73	76.39	37.75	47.00	38.50	36.50	29.00	20.43	14.19	16.13	30.97	81.25	84.07	65.92	80.00	38.50	30.50	
abdelrahman-qwen SFT olive-32k (ckpt-1000 / epoch 2.79 / T=0.001 / out 16k / ctx 41k) (FC keepreason)	olive-32k	2.79	1000	FC keepreason	36.54	60.29	76.02	34.75	44.50	36.50	34.00	24.00	19.35	6.45	18.06	33.55	81.25	86.10	67.17	79.50	55.50	39.00	
GRPO olive-rl300k on olive SFT ckpt-1074 (step 100 / T=0.001 / out 16k / ctx 41k) (FC keepreason)	rl-olive-rl300k		step-100	FC keepreason	36.17	57.17	77.20	36.62	44.00	40.50	32.50	29.50	16.34	7.10	14.84	27.10	87.50	84.79	71.17	85.50	42.50	29.50	
Qwen3-4B-Base SFT mega epoch 1 (ckpt-3850) (FC keepreason)	mega	1	3850	FC keepreason	35.82	82.69	78.98	23.00	27.00	23.00	28.00	14.00	23.23	10.97	21.29	37.42	62.50	81.11	66.75	92.50	88.00	83.50	
GRPO olive-rl300k on olive SFT ckpt-1074 (step 300 / T=0.001 / out 16k / ctx 41k) (FC keepreason)	rl-olive-rl300k		step-300	FC keepreason	35.50	46.96	73.95	36.38	41.00	44.00	34.00	26.50	18.49	5.81	11.61	38.06	81.25	87.97	55.33	51.50	54.50	26.50	
GRPO olive-rl300k on olive SFT ckpt-1074 (step 350 / T=0.001 / out 16k / ctx 41k) (FC keepreason)	rl-olive-rl300k		step-350	FC keepreason	34.56	30.54	64.40	37.62	48.00	41.00	34.50	27.00	23.44	16.13	9.03	45.16	93.75	90.88	31.67	23.50	40.50	26.50	
Qwen3-4B-Base SFT mega ckpt-3850 (RL start point) (FC keepreason)	mega	1	3850	FC keepreason	34.41	83.29	78.46	22.62	26.00	29.00	23.50	12.00	17.20	5.16	10.32	36.13	75.00	80.11	67.17	93.50	86.50	86.00	
abdelrahman-qwen SFT nemotron-32k epoch 1 (ckpt-737) (FC keepreason)	nemotron-32k	1	737	FC keepreason	34.09	80.12	76.46	21.50	28.00	22.50	21.50	14.00	18.06	7.74	13.55	32.90	75.00	83.72	68.00	91.00	78.00	83.50	
abdelrahman-qwen SFT nemotron-32k epoch 1 (ckpt-500) (FC keepreason)	nemotron-32k	1	500	FC keepreason	34.07	80.25	75.80	21.12	24.50	24.00	23.00	13.00	18.92	11.61	10.32	34.84	81.25	83.47	64.50	92.00	80.50	84.00	
Qwen3-4B-Base SFT nemotron epoch 1 (ckpt-2941) (FC keepreason)	nemotron	1	2941	FC keepreason	34.03	81.60	76.24	21.25	22.50	27.50	23.00	12.00	17.42	2.58	14.84	34.84	68.75	83.87	65.92	91.00	85.00	84.50	
Qwen3-4B-Base SFT mega-3850 + GRPO v2 (step 100) (FC keepreason)	rl-v2		step-100	FC keepreason	33.97	73.81	79.20	21.62	27.50	25.50	20.00	13.50	23.87	19.35	18.71	33.55	81.25	74.10	61.75	94.50	82.00	57.00	17.97
abdelrahman-qwen SFT nemotron-32k epoch 1 (ckpt-737 / T=0.001 / out 16k / ctx 41k) (FC keepreason)	nemotron-32k	1	737	FC keepreason	33.94	81.56	75.35	19.50	24.50	22.50	19.50	11.50	19.35	6.45	12.26	39.35	68.75	85.27	66.25	92.50	84.00	83.50	
abdelrahman-qwen SFT nemotron-32k epoch 1 (ckpt-737 REPRO / T=0.001 / out 16k / ctx 41k) (FC keepreason)	nemotron-32k	1	737-repro	FC keepreason	33.87	80.56	75.43	21.00	24.50	21.50	22.00	16.00	17.20	10.32	7.74	33.55	81.25	85.30	65.25	92.00	82.50	82.50	
abdelrahman-qwen SFT nemotron-32k epoch 1 (ckpt-625) (FC keepreason)	nemotron-32k	1	625	FC keepreason	33.54	80.83	76.61	19.50	22.50	24.00	21.00	10.50	17.85	4.52	13.55	35.48	75.00	83.75	66.33	91.00	83.00	83.00	
Qwen3-4B-Base SFT toolmind epoch 2 (ckpt-1832) (FC)	toolmind	2	1832	FC	32.64	81.38	77.79	16.75	22.00	18.50	15.50	11.00	19.14	9.68	13.55	34.19	68.75	78.65	64.50	93.00	85.50	82.50	
Qwen3-4B-Base SFT mega epoch 1 (ckpt-3850) (FC)	mega	1	3850	FC	31.99	83.17	78.16	15.50	17.50	19.00	12.00	13.50	16.56	9.68	14.84	25.16	75.00	78.93	65.17	93.50	87.00	87.00	
Qwen3-4B-Base SFT mega-3850 + GRPO v2 (step 50) (FC keepreason)	rl-v2		step-50	FC keepreason	31.86	69.79	77.28	16.12	22.00	15.00	16.00	11.50	20.86	23.23	15.48	23.87	68.75	81.46	61.67	93.00	72.00	52.50	24.21
Qwen3-4B-Base SFT toolmind epoch 3 (ckpt-2748) (FC)	toolmind	3	2748	FC	31.72	80.92	77.20	15.62	20.00	18.00	14.00	10.50	17.20	9.03	14.84	27.74	62.50	77.79	63.67	92.50	84.50	83.00	
Qwen3-4B-Base SFT toolmind epoch 1 (ckpt-916) (FC)	toolmind	1	916	FC	31.09	81.54	77.42	13.38	16.50	16.00	13.50	7.50	17.85	7.74	13.55	32.26	75.00	76.08	64.17	94.50	84.00	83.50	
Qwen3-4B-Base SFT prefix epoch 1 (ckpt-5600) (FC)	prefix	1	5600	FC	29.98	82.83	76.76	8.38	9.00	10.00	10.00	4.50	16.13	7.10	15.48	25.81	81.25	82.83	67.33	93.00	86.00	85.00	
Qwen3-4B-Base SFT prefix epoch 1 (ckpt-2800) (FC)	prefix	1	2800	FC	29.83	82.08	77.13	8.38	10.00	10.00	9.00	4.50	14.62	5.16	13.55	25.16	75.00	84.70	64.83	91.00	85.50	87.00	
Qwen3-4B-Base SFT prefix epoch 1 (ckpt-6493) (FC)	prefix	1	6493	FC	29.37	83.21	77.13	8.25	11.00	7.50	9.00	5.50	11.83	6.45	7.74	21.29	62.50	84.91	70.33	93.00	85.50	84.00	6.7
Qwen3-4B-Base SFT prefix epoch 1 (ckpt-4200) (FC)	prefix	1	4200	FC	29.29	82.27	77.13	8.00	12.50	7.00	8.00	4.50	12.26	5.16	10.32	21.29	75.00	85.02	66.58	93.00	85.00	84.50	
Qwen3-4B-Base SFT nemotron epoch 1 (ckpt-2941) (FC)	nemotron	1	2941	FC	29.16	82.44	75.87	5.50	5.50	6.00	4.00	6.50	16.56	9.03	18.06	22.58	68.75	83.72	66.75	91.50	87.00	84.50	15.92
abdelrahman-qwen SFT nemotron-32k epoch 1 (ckpt-737, T=1.0, out 16k, ctx 64k) (FC keepreason)	nemotron-32k	1	737-t1ctx64k	FC keepreason	28.26	65.23	65.73	13.50	19.00	14.50	11.00	9.50	14.19	5.81	9.68	27.10	75.00	82.72	60.42	81.50	65.00	54.00	
Qwen3-4B-Base SFT no-reason epoch 7 (ckpt-448) (FC)	noreason	7	448	FC	28.01	85.96	70.47	2.63					14.19				75.00	87.41	75.83	92.50	92.50	83.00	
Qwen3-4B-Base SFT no-reason epoch 10 (ckpt-640) (FC)	noreason	10	640	FC	27.96	86.08	70.84	2.75					13.98				81.25	86.44	75.83	93.00	92.50	83.00	
Qwen3-4B-Base SFT no-reason epoch 8 (ckpt-512) (FC)	noreason	8	512	FC	27.95	86.08	70.91	2.50					14.41				81.25	86.18	75.83	93.00	92.50	83.00	
Qwen3-4B-Base SFT no-reason epoch 3 (ckpt-192) (FC)	noreason	3	192	FC	27.83	85.81	74.09	3.25					13.98				81.25	80.71	77.25	92.50	91.00	82.50	
Qwen3-4B-Base SFT no-reason epoch 9 (ckpt-576) (FC)	noreason	9	576	FC	27.72	86.08	70.61	2.75					12.90				81.25	86.44	75.83	93.00	92.50	83.00	
Qwen3-4B-Base SFT no-reason epoch 5 (ckpt-320) (FC)	noreason	5	320	FC	27.40	84.98	72.02	1.75					12.69				75.00	86.37	74.42	92.50	91.00	82.00	
Qwen3-4B-Base SFT no-reason epoch 6 (ckpt-384) (FC)	noreason	6	384	FC	27.39	85.81	69.80	2.25					12.90				75.00	85.69	76.25	92.50	92.50	82.00	
Qwen3-4B-Base SFT no-reason epoch 2 (ckpt-128) (FC)	noreason	2	128	FC	27.30	83.17	72.76	2.00					10.54				68.75	90.02	71.67	89.00	87.50	84.50	
Qwen3-4B-Base SFT no-reason epoch 4 (ckpt-256) (FC)	noreason	4	256	FC	27.14	84.81	71.87	1.12					11.83				75.00	87.69	74.75	92.00	90.50	82.00	
Qwen3-4B-Base SFT no-reason epoch 1 (ckpt-64) (FC)	noreason	1	64	FC	26.64	87.21	75.80	1.25					12.47				87.50	74.67	74.33	91.50	92.00	91.00	
Qwen3-4B-Base SFT reasoning epoch 3 (ckpt-258) (FC)	reasoning	3	258	FC	25.13	84.75	70.02	1.00					8.17				75.00	77.20	77.00	92.00	88.00	82.00	
Qwen3-4B-Base SFT reasoning epoch 2 (ckpt-172) (FC)	reasoning	2	172	FC	25.08	85.88	70.10	1.00					8.39				75.00	75.00	78.50	91.50	90.00	83.50	
Qwen3-4B-Base SFT reasoning epoch 7 (ckpt-602) (FC)	reasoning	7	602	FC	24.98	82.94	68.02	1.00					9.03				93.75	77.82	75.25	88.50	88.50	79.50	
Qwen3-4B-Base SFT reasoning epoch 5 (ckpt-430) (FC)	reasoning	5	430	FC	24.97	83.06	69.80	0.25					9.03				87.50	78.06	74.75	94.00	87.50	76.00	
Qwen3-4B-Base SFT reasoning epoch 9 (ckpt-774) (FC)	reasoning	9	774	FC	24.66	83.27	70.47	0.38					7.53				87.50	76.71	71.58	92.50	89.50	79.50	
Qwen3-4B-Base SFT reasoning epoch 6 (ckpt-516) (FC)	reasoning	6	516	FC	24.44	83.46	69.50	0.50					7.74				87.50	74.49	71.33	92.00	91.50	79.00	
Qwen3-4B-Base SFT reasoning epoch 8 (ckpt-688) (FC)	reasoning	8	688	FC	24.39	82.58	69.43	1.00					6.67				87.50	75.51	73.83	93.00	86.00	77.50	
Qwen3-4B-Base SFT reasoning epoch 10 (ckpt-860) (FC)	reasoning	10	860	FC	24.39	80.00	70.10	0.88					7.53				87.50	76.08	70.50	90.50	87.00	72.00	
Qwen3-4B-Base SFT reasoning epoch 4 (ckpt-344) (FC)	reasoning	4	344	FC	24.16	83.15	66.32	0.50					6.45				81.25	77.76	74.58	91.50	86.00	80.50	
Qwen3-4B-Base SFT reasoning epoch 1 (ckpt-86) (FC)	reasoning	1	86	FC	24.14	81.71	65.73	1.25					9.03				75.00	72.19	74.83	89.00	85.00	78.00	
abdelrahman-qwen SFT nemotron-32k epoch 1 (ckpt-500, T=1.0, out 16k, ctx 64k) (FC keepreason)	nemotron-32k	1	500-t1ctx64k	FC keepreason	23.91	67.12	51.89	13.12	13.00	16.50	11.50	11.50					62.50	80.75	60.00	82.50	64.50	61.50	
olive-32b SFT olive-tooling (ckpt-954 / epoch 1.00 / T=0.001 / out 16k / ctx 41k) (FC keepreason lenient-json)	olive-tooling-32b	1.00	954	FC keepreason lenient-json	23.12	51.08	70.47	0.50	2.00	0.00	0.00	0.00	10.54	5.81	9.68	16.13	75.00	87.04	61.83	61.00	49.00	32.50	
abdelrahman-qwen SFT olive-32k (ckpt-1074 / epoch 3 / T=0.001 / out 16k / ctx 41k) (FC keepreason lenient-json)	olive-32k	3	1074	FC keepreason lenient-json	22.13	58.73	76.83	0.00									87.50	85.74	67.92	78.00	54.50	34.50	
abdelrahman-qwen SFT olive-regen-xml (ckpt-125 / epoch 0.48 / T=0.001 / out 16k / ctx 41k) (Qwen3.5 XML tool calls)	olive-regen-xml	0.48	125	Qwen3.5 XML tool calls	21.65	58.40	53.29	0.00	0.00	0.00	0.00	0.00	9.89	8.39	7.74	13.55	56.25	85.03	50.58	81.50	61.00	40.50	
abdelrahman-qwen SFT olive-regen-xml (ckpt-261 / epoch 1.00 / T=0.001 / out 16k / ctx 41k) (Qwen3.5 XML tool calls)	olive-regen-xml	1.00	261	Qwen3.5 XML tool calls	21.45	57.19	52.85	0.00	0.00	0.00	0.00	0.00	9.03	7.74	10.32	9.03	75.00	86.43	50.75	82.50	59.50	36.00	
abdelrahman-qwen SFT olive-32k (ckpt-1074 / epoch 3 / T=1.0 sample 3 / out 16k / ctx 41k) (FC keepreason)	olive-32k	3	1074-t1s3	FC keepreason	21.13	56.33	70.02	0.00									81.25	84.91	60.83	79.00	53.00	32.50	
abdelrahman-qwen SFT olive-xml-full (ckpt-250 / epoch 0.52 / T=0.001 / out 16k / ctx 41k) (Qwen3.5 XML tool calls)	olive-xml-full	0.52	250	Qwen3.5 XML tool calls	21.03	39.06	58.25	0.00	0.00	0.00	0.00	0.00	12.90	12.90	10.32	15.48	68.75	87.21	46.75	81.00	16.50	12.00	
abdelrahman-qwen SFT olive-32k (ckpt-1074 / epoch 3 / T=1.0 sample 6 / out 16k / ctx 41k) (FC keepreason)	olive-32k	3	1074-t1s6	FC keepreason	21.01	54.33	72.09	0.00									75.00	83.63	63.33	73.50	45.50	35.00	
abdelrahman-qwen SFT olive-32k (ckpt-1074 / epoch 3 / T=1.0 sample 2 / out 16k / ctx 41k) (FC keepreason)	olive-32k	3	1074-t1s2	FC keepreason	20.96	55.96	69.43	0.00									75.00	84.17	62.33	75.00	51.00	35.50	
abdelrahman-qwen SFT olive-32k (ckpt-1074 / epoch 3 / T=1.0 sample 4 / out 16k / ctx 41k) (FC keepreason)	olive-32k	3	1074-t1s4	FC keepreason	20.95	54.75	70.69	0.00									81.25	84.09	60.50	79.00	45.00	34.50	
abdelrahman-qwen SFT olive-32k (ckpt-1074 / epoch 3 / T=1.0 sample 7 / out 16k / ctx 41k) (FC keepreason)	olive-32k	3	1074-t1s7	FC keepreason	20.95	55.96	69.87	0.00									81.25	83.66	63.83	75.00	47.50	37.50	
abdelrahman-qwen SFT olive-xml-8src (ckpt-125 / epoch 0.48 / T=0.001 / out 16k / ctx 41k) (Qwen3.5 XML tool calls)	olive-xml-8src	0.48	125	Qwen3.5 XML tool calls	20.83	40.75	59.66	0.00	0.00	0.00	0.00	0.00	9.89	9.68	8.39	11.61	75.00	88.15	45.00	84.50	16.50	17.00	
abdelrahman-qwen SFT curriculum nemotron+olive-remix-regen (ckpt-250 / epoch 0.53 / T=0.001 / out 16k / ctx 41k) (FC keepreason)	curriculum nemotron+olive-remix-regen	0.53	250	FC keepreason	20.83	51.75	54.26	0.00	0.00	0.00	0.00	0.00	6.45	5.81	7.74	5.81	43.75	89.42	58.50	82.00	44.50	22.00	81.14
abdelrahman-qwen SFT olive-32k (ckpt-1074 / epoch 3 / T=1.0 sample 1 / out 16k / ctx 41k) (FC keepreason)	olive-32k	3	1074-t1s1	FC keepreason	20.80	52.54	71.35	0.00									87.50	84.15	61.67	76.00	45.00	27.50	
abdelrahman-qwen SFT olive-32k (ckpt-1074 / epoch 3 / T=1.0 sample 5 / out 16k / ctx 41k) (FC keepreason)	olive-32k	3	1074-t1s5	FC keepreason	20.75	54.69	69.65	0.00									75.00	83.15	60.75	73.50	52.50	32.00	
abdelrahman-qwen SFT olive-remix-regen (ckpt-250 / epoch 0.55 / T=0.001 / out 16k / ctx 41k) (FC keepreason)	olive-remix-regen	0.55	250	FC keepreason	20.72	50.58	53.59	0.00	0.00	0.00	0.00	0.00	7.53	7.10	10.32	5.16	50.00	88.02	57.33	83.00	44.50	17.50	
abdelrahman-qwen SFT olive-xml-full (ckpt-482 / epoch 1.00 / T=0.001 / out 16k / ctx 41k) (Qwen3.5 XML tool calls)	olive-xml-full	1.00	482	Qwen3.5 XML tool calls	20.63	37.33	59.81	0.00	0.00	0.00	0.00	0.00	12.26	10.97	12.90	12.90	68.75	84.68	47.33	84.00	12.00	6.00	
abdelrahman-qwen SFT olive-remix-regen (ckpt-455 / epoch 1.00 / T=0.001 / out 16k / ctx 41k) (FC keepreason)	olive-remix-regen	1.00	455	FC keepreason	20.50	49.73	49.89	0.00	0.00	0.00	0.00	0.00	8.17	5.16	9.03	10.32	50.00	89.00	57.92	83.50	40.00	17.50	
abdelrahman-qwen SFT nemotron-32k epoch 1 (ckpt-625, T=1.0, out 16k, ctx 64k) (FC keepreason)	nemotron-32k	1	625-t1ctx64k	FC keepreason	20.24	67.17	51.44	14.12	18.00	15.00	13.50	10.00					75.00		63.67	83.00	64.00	58.00	
abdelrahman-qwen SFT olive-remix-regen (ckpt-250 / epoch 0.55 / T=0.001 / out 16k / ctx 41k) (FC keepreason lenient-json)	olive-remix-regen	0.55	250	FC keepreason lenient-json	19.87	54.83	56.99	0.00	0.00	0.00	0.00	0.00					50.00	86.85	59.83	86.50	50.50	22.50	
abdelrahman-qwen SFT olive-lengthbias (ckpt-375 / epoch 1.10 / T=0.001 / out 16k / ctx 41k) (FC keepreason lenient-json)	olive-lengthbias	1.10	375	FC keepreason lenient-json	19.86	54.60	54.33	0.00									43.75	89.67	54.92	79.00	52.50	32.00	
abdelrahman-qwen SFT olive-remix-regen (ckpt-455 / epoch 1.00 / T=0.001 / out 16k / ctx 41k) (FC keepreason lenient-json)	olive-remix-regen	1.00	455	FC keepreason lenient-json	19.76	54.65	55.14	0.00									50.00	87.81	60.08	85.00	50.50	23.00	
abdelrahman-qwen SFT olive-json-full (ckpt-448 / epoch 1.00 / T=0.001 / out 16k / ctx 41k) (FC keepreason)	olive-json-full	1.00	448	FC keepreason	19.18	33.50	43.45	0.00	0.00	0.00	0.00	0.00	12.47	14.19	10.97	12.26	56.25	89.95	40.00	62.50	19.50	12.00	
abdelrahman-qwen SFT olive-lengthbias (ckpt-1020 / epoch 3.00 / T=0.001 / out 16k / ctx 41k) (FC keepreason lenient-json)	olive-lengthbias	3.00	1020	FC keepreason lenient-json	19.05	45.75	54.03	0.00									37.50	90.72	51.50	69.50	36.00	26.00	
abdelrahman-qwen SFT olive-lengthbias (ckpt-750 / epoch 2.21 / T=0.001 / out 16k / ctx 41k) (FC keepreason lenient-json)	olive-lengthbias	2.21	750	FC keepreason lenient-json	18.99	44.48	53.81	0.00									50.00	91.59	49.42	69.50	37.00	22.00	
abdelrahman-qwen SFT olive-json-full (ckpt-448 / epoch 1.00 / T=0.001 / out 16k / ctx 41k) (FC keepreason lenient-json)	olive-json-full	1.00	448	FC keepreason lenient-json	18.82	45.27	57.66	0.00									62.50	85.22	62.08	84.00	21.50	13.50	
abdelrahman-qwen SFT olive-remix-regen-xml (ckpt-250 / epoch 0.57 / T=0.001 / out 16k / ctx 41k) (Qwen3.5 XML tool calls)	olive-remix-regen-xml	0.57	250	Qwen3.5 XML tool calls	18.77	46.67	54.77	0.00									62.50	86.28	50.17	84.50	23.50	28.50	
abdelrahman-qwen SFT olive-json-full (ckpt-250 / epoch 0.56 / T=0.001 / out 16k / ctx 41k) (FC keepreason lenient-json)	olive-json-full	0.56	250	FC keepreason lenient-json	18.43	43.46	55.59	0.00									68.75	85.22	57.83	83.00	17.00	16.00	
abdelrahman-qwen SFT olive-json-full (ckpt-250 / epoch 0.56 / T=0.001 / out 16k / ctx 41k) (FC keepreason)	olive-json-full	0.56	250	FC keepreason	17.98	29.10	36.86	0.00	0.00	0.00	0.00	0.00	12.04	14.19	13.55	8.39	68.75	89.74	38.92	50.00	14.50	13.00	
abdelrahman-qwen SFT olive-lengthbias (ckpt-750 / epoch 2.21 / T=0.001 / out 16k / ctx 41k) (FC keepreason)	olive-lengthbias	2.21	750	FC keepreason	17.50	34.23	47.59	0.00									43.75	93.16	35.92	54.00	31.00	16.00	
Qwen3-4B-Base SFT mega-3850 + GRPO judge (step 50) (FC keepreason)	rl-judge		step-50	FC keepreason	17.28	79.77	58.33	0.88	1.00	1.50	1.00	0.00	2.58	1.29	1.94	4.52	75.00	26.89	66.08	87.50	85.50	80.00	
abdelrahman-qwen SFT olive-lengthbias (ckpt-1020 / epoch 3.00 / T=0.001 / out 16k / ctx 41k) (FC keepreason)	olive-lengthbias	3.00	1020	FC keepreason	17.28	33.04	46.48	0.00									31.25	93.24	31.67	54.50	27.00	19.00	
abdelrahman-qwen SFT olive-lengthbias (ckpt-375 / epoch 1.10 / T=0.001 / out 16k / ctx 41k) (FC keepreason)	olive-lengthbias	1.10	375	FC keepreason	16.10	30.83	36.05	0.00									25.00	94.13	30.33	38.50	36.00	18.50	
Qwen3-4B RL v4 from SFT-737 step 450 (T=0.001 / out 16k / ctx 41k) (FC keepreason)	rl-v4		step-450	FC keepreason	15.44	63.94	28.05	18.12	24.00	21.00	17.50	10.00	2.58	0.65	2.58	4.52	87.50	2.88	31.75	42.50	93.50	88.00	
Qwen3-4B-Base SFT mega-3850 + GRPO judge (step 100) (FC keepreason)	rl-judge		step-100	FC keepreason	12.36	60.69	13.32	0.12	0.50	0.00	0.00	0.00	3.66	4.52	3.23	3.23	87.50	41.92	53.75	15.50	89.00	84.50	
Qwen3-4B-Base (lenient parse) (FC)	lenient			FC	12.33	58.67	40.49	1.38					1.08				81.25	17.92	65.67	58.50	47.50	63.00	52.20
Qwen3-4B-Base (untrained zero point) (FC)	base			FC	10.99	0.00	0.00	0.00					4.95				0.00	100.00	0.00	0.00	0.00	0.00	
abdelrahman-qwen BASE dual-mode-sft parent (T=0.001 / out 16k / ctx 41k) (FC keepreason)	base-parent			FC keepreason	5.00		0.00	0.00															
abdelrahman-qwen SFT nemotron-32k (ckpt-737 / parallel-call nudge / T=0.001 / out 16k / ctx 41k) (FC keepreason)	nemotron-32k		737-nudge	FC keepreason	4.38		0.00	0.00													87.50	87.50	
abdelrahman-qwen SFT nemotron-32k (ckpt-737 / parallel-call nudge before tools / T=0.001 / out 16k / ctx 41k) (FC keepreason)	nemotron-32k		737-nudge-pre	FC keepreason	4.28		0.00	0.00													86.50	84.50	
abdelrahman-qwen SFT olive-32k (ckpt-1074 / epoch 3 / neutral system line / T=0.001 / out 16k / ctx 41k) (FC keepreason)	olive-32k		1074-neutral	FC keepreason	3.30		0.00	0.00													74.50	57.50	
abdelrahman-qwen SFT olive-32k (ckpt-1074 / epoch 3 / parallel-call nudge before tools / T=0.001 / out 16k / ctx 41k) (FC keepreason)	olive-32k		1074-nudge-pre	FC keepreason	2.46		0.00	0.00													52.50	46.00	
abdelrahman-qwen SFT olive-32k (ckpt-1074 / epoch 3 / parallel-call nudge / T=0.001 / out 16k / ctx 41k) (FC keepreason)	olive-32k		1074-nudge	FC keepreason	0.86		0.00	0.00													16.50	18.00	
