Label	Note	Model	Corpus	Epoch	Ckpt	Variant	Overall	NonLive AST	Live	MultiTurn	MT Base	MT MissFunc	MT MissParam	MT LongCtx	Memory	Relevance	Irrelevance	Simple	Multiple	Parallel	ParallelMult
olive-32b olive-tooling	32B on the olive-tooling corpus; strongest model here. Run is INCOMPLETE (step 2385 of 2871, epoch 2.49 of 3).	olive-32b SFT olive-tooling (ckpt-2385 / epoch 2.49 / T=0.001 / out 16k / ctx 41k) (FC keepreason)	olive-tooling-32b	2.49	2385	FC keepreason	43.61	52.40	74.91	51.93	64.00	55.50	43.00	45.23	33.33	75.00	86.30	69.58	33.00	84.00	23.00
Qwen3-4B Instruct	reference ceiling	Qwen3-4B Instruct (reference) (FC)	instruct			FC	38.51	87.23	81.79	31.75					20.86	81.25	79.07	73.42	96.50	91.50	87.50
no-toucan prop-repeat	curriculum with toucan held out and the rest upsampled; best-rounded 4B. No late decay.	abdelrahman-qwen SFT curriculum nemotron+olive-remix NO-TOUCAN prop-repeat (ckpt-455 / T=0.001 / out 16k / ctx 41k) (FC keepreason)	?			FC keepreason	38.10	81.71	77.42	28.38	34.50	34.50	25.00	19.50	24.52	75.00	87.72	66.33	87.50	85.50	87.50
GRPO olive-rl300k	RL on top of olive SFT ckpt-1074; best multi-turn of any 4B.	GRPO olive-rl300k on olive SFT ckpt-1074 (step 150 / T=0.001 / out 16k / ctx 41k) (FC keepreason)	rl-olive-rl300k		step-150	FC keepreason	38.00	62.29	75.65	38.88	49.50	45.00	31.50	29.50	20.43	75.00	84.62	69.67	81.50	58.00	40.00
olive-32k (3 epochs)	3 epochs on the olive-tooling corpus; the config reference used to diagnose the RoPE defect.	abdelrahman-qwen SFT olive-32k (ckpt-1074 / epoch 3 / T=0.001 / out 16k / ctx 41k) (FC keepreason)	olive-32k	3	1074	FC keepreason	37.01	58.73	76.83	34.25	40.00	33.50	35.50	28.00	23.01	87.50	85.74	67.92	78.00	54.50	34.50
curriculum nemotron->olive-remix	curriculum blend WITH toucan; highest 4B multi-turn outside RL, at a 12pt Non-Live cost.	abdelrahman-qwen SFT curriculum nemotron+olive-remix-regen (ckpt-469 / epoch 1.00 / ROPEFIX / T=0.001 / out 16k / ctx 41k) (FC keepreason)	curriculum nemotron+olive-remix-regen	1.00	469	FC keepreason	36.61	69.17	75.50	31.75	42.50	31.00	28.00	25.50	20.22	87.50	85.76	68.67	88.00	68.50	51.50
no-toucan (plain)	same hold-out without upsampling; keeps the Non-Live gain but loses multi-turn and decays late.	abdelrahman-qwen SFT curriculum nemotron+olive-remix NO-TOUCAN (ckpt-150 / T=0.001 / out 16k / ctx 41k) (FC keepreason)	?			FC keepreason	36.08	80.69	76.02	24.62	31.50	24.00	24.50	18.50	21.29	68.75	87.65	62.25	90.50	85.50	84.50
olive-json-full	the full 339k-row olive corpus, JSON tool calls, 1 epoch.	abdelrahman-qwen SFT olive-json-full (ckpt-448 / epoch 1.00 / T=0.001 / out 16k / ctx 41k) (FC keepreason)	olive-json-full	1.00	448	FC keepreason	35.88	45.85	73.72	38.05	46.00	39.70	38.00	28.50	22.58	93.75	79.95	66.92	92.00	16.00	8.50
Mega (ToolMind+Nemotron)	union of both corpora; reasoning KEPT in context	Qwen3-4B-Base SFT mega epoch 1 (ckpt-3850) (FC keepreason)	mega	1	3850	FC keepreason	35.82	82.69	78.98	23.00	27.00	23.00	28.00	14.00	23.23	62.50	81.11	66.75	92.50	88.00	83.50
LOO probe baseline (all9)	all nine sources, seed 1, gb56; the reference for the leave-one-out deltas.	probe LOO all9 (seed 1 / gb56 / 1ep / final / T=0.001 / out 16k / ctx 41k) (FC keepreason)	?			FC keepreason	35.14	75.06	73.72	27.12	33.00	27.50	25.00	23.00	17.63	81.25	86.01	69.25	91.00	73.50	66.50
olive-lengthbias	length-bias variant of the olive corpus, 3 epochs.	abdelrahman-qwen SFT olive-lengthbias (ckpt-1020 / epoch 3.00 / T=0.001 / out 16k / ctx 41k) (FC keepreason)	olive-lengthbias	3.00	1020	FC keepreason	35.05	61.65	77.28	30.63	38.00	34.50	27.00	23.00	17.42	75.00	84.87	69.08	81.00	49.50	47.00
nemotron-32k	second Nemotron SFT, the base all curriculum and probe arms start from.	abdelrahman-qwen SFT nemotron-32k epoch 1 (ckpt-737) (FC keepreason)	nemotron-32k	1	737	FC keepreason	34.09	80.12	76.46	21.50	28.00	22.50	21.50	14.00	18.06	75.00	83.72	68.00	91.00	78.00	83.50
Nemotron	reasons every turn; reasoning KEPT in context	Qwen3-4B-Base SFT nemotron epoch 1 (ckpt-2941) (FC keepreason)	nemotron	1	2941	FC keepreason	34.03	81.60	76.24	21.25	22.50	27.50	23.00	12.00	17.42	68.75	83.87	65.92	91.00	85.00	84.50
olive-remix-regen	reasoning-regenerated remix of the olive corpus, 1 epoch.	abdelrahman-qwen SFT olive-remix-regen (ckpt-250 / epoch 0.55 / T=0.001 / out 16k / ctx 41k) (FC keepreason)	olive-remix-regen	0.55	250	FC keepreason	33.99	63.42	74.32	27.00	35.50	29.00	22.50	21.00	18.06	81.25	85.02	73.67	93.00	57.00	30.00
ToolMind graphsyn	reasons last turn only; best of 3 epochs	Qwen3-4B-Base SFT toolmind epoch 2 (ckpt-1832) (FC)	toolmind	2	1832	FC	32.64	81.38	77.79	16.75	22.00	18.50	15.50	11.00	19.14	68.75	78.65	64.50	93.00	85.50	82.50
Mega (ablation)	same weights; reasoning STRIPPED from context	Qwen3-4B-Base SFT mega epoch 1 (ckpt-3850) (FC)	mega	1	3850	FC	31.99	83.17	78.16	15.50	17.50	19.00	12.00	13.50	16.56	75.00	78.93	65.17	93.50	87.00	87.00
Prefix (Nemotron prefix-expanded)	context reasoning-free by construction; official Qwen policy; best of 4 ckpts	Qwen3-4B-Base SFT prefix epoch 1 (ckpt-5600) (FC)	prefix	1	5600	FC	29.98	82.83	76.76	8.38	9.00	10.00	10.00	4.50	16.13	81.25	82.83	67.33	93.00	86.00	85.00
olive XML (best of 4 runs)	Qwen3.5 XML tool-call format; roughly half the multi-turn of the JSON twin.	abdelrahman-qwen SFT olive-remix-regen-xml (ckpt-250 / epoch 0.57 / T=0.001 / out 16k / ctx 41k) (Qwen3.5 XML tool calls)	olive-remix-regen-xml	0.57	250	Qwen3.5 XML tool calls	29.33	54.40	74.32	13.88	18.50	14.00	8.00	15.00	19.78	81.25	83.36	53.58	92.50	35.50	36.00
Nemotron (ablation)	same weights; reasoning STRIPPED from context	Qwen3-4B-Base SFT nemotron epoch 1 (ckpt-2941) (FC)	nemotron	1	2941	FC	29.16	82.44	75.87	5.50	5.50	6.00	4.00	6.50	16.56	68.75	83.72	66.75	91.50	87.00	84.50
ToolACE no-reason	no reasoning; best of 10 epochs	Qwen3-4B-Base SFT no-reason epoch 7 (ckpt-448) (FC)	noreason	7	448	FC	28.01	85.96	70.47	2.63					14.19	75.00	87.41	75.83	92.50	92.50	83.00
ToolACE reasoning	reasoning; best of 10 epochs	Qwen3-4B-Base SFT reasoning epoch 3 (ckpt-258) (FC)	reasoning	3	258	FC	25.13	84.75	70.02	1.00					8.17	75.00	77.20	77.00	92.00	88.00	82.00
Qwen3-4B-Base lenient	untrained, lenient parse	Qwen3-4B-Base (lenient parse) (FC)	lenient			FC	12.33	58.67	40.49	1.38					1.08	81.25	17.92	65.67	58.50	47.50	63.00
Qwen3-4B-Base	untrained zero point	Qwen3-4B-Base (untrained zero point) (FC)	base			FC	10.99	0.00	0.00	0.00					4.95	0.00	100.00	0.00	0.00	0.00	0.00
