hgx03	0,1	1301	probe-all9-out16k-FC-keepreason	json	all9	probe-all9-seed1-32k-gb56-1ep-7gpu
hgx03	2,3	1302	probe-no-toucan-out16k-FC-keepreason	json	no-toucan	probe-no-toucan-seed1-32k-gb56-1ep-7gpu
hgx03	4,5	1303	probe-no-swe-zero-openhands-out16k-FC-keepreason	json	no-swe-zero-openhands	probe-no-swe-zero-openhands-seed1-32k-gb56-1ep-7gpu
hgx03	6,7	1304	probe-no-nemotron-post-training-out16k-FC-keepreason	json	no-nemotron-post-training	probe-no-nemotron-post-training-seed1-32k-gb56-1ep-7gpu
hgx19	0,1	1301	probe-no-nemotron-agentic-tool-out16k-FC-keepreason	json	no-nemotron-agentic-tool	probe-no-nemotron-agentic-tool-seed1-32k-gb56-1ep-7gpu
hgx19	3,4	1302	probe-no-openresearcher-out16k-FC-keepreason	json	no-openresearcher	probe-no-openresearcher-seed1-32k-gb56-1ep-7gpu
hgx19	5,6	1303	probe-no-terminal-corpus-out16k-FC-keepreason	json	no-terminal-corpus	probe-no-terminal-corpus-seed1-32k-gb56-1ep-7gpu
hgx11	0,1	1301	probe-no-openseeker-out16k-FC-keepreason	json	no-openseeker	probe-no-openseeker-seed1-32k-gb56-1ep-7gpu
hgx11	2,3	1302	probe-no-nemotron-agentic-interactive-out16k-FC-keepreason	json	no-nemotron-agentic-interactive	probe-no-nemotron-agentic-interactive-seed1-32k-gb56-1ep-7gpu
hgx11	4,5	1303	probe-no-toolace-out16k-FC-keepreason	json	no-toolace	probe-no-toolace-seed1-32k-gb56-1ep-7gpu
